test_year,n_banks,n_stressed,n_stressed_predicted,auc,precision,recall,f1
2019,68,32,39,0.9496527777777777,0.7692307692307693,0.9375,0.8450704225352113
2020,71,28,36,0.9169435215946844,0.7222222222222222,0.9285714285714286,0.8125000000000001
2021,61,22,26,0.9382284382284383,0.7692307692307693,0.9090909090909091,0.8333333333333333
2022,60,18,29,0.753968253968254,0.5862068965517241,0.9444444444444444,0.7234042553191489
2023,57,8,21,0.8571428571428571,0.3333333333333333,0.875,0.48275862068965514
2024,57,4,15,0.8962264150943396,0.2,0.75,0.31578947368421056
2025,52,1,4,0.9411764705882353,0.25,1.0,0.4
